643;0904-111
704;А17-01
705;А17-02
706;БАП17-01
707;БАПЗ17-01
708;БАТ17-01
710;БАТЗ17-02
711;БАЭ17-01
712;БАЭЗ17-01
713;ББП17-01
714;ББТВ17-01
715;БВТ17-01
716;БГД17-01
717;БДВ17-01
718;БДД17-01
719;БДИЗ17-01
720;БДЛ17-01
721;БДП17-01
722;БДПВ17-01
724;БДТ17-01
725;БИА17-01
726;БИА17-02
727;БИВВ17-01
728;БИМ17-01
729;БИН17-01
730;БИС17-01
731;БИСВ17-01
732;БИСЗ17-01
733;БИЭ17-01
735;БКА17-01
736;БКАЗ17-01
737;БКБ17-01
738;БКС17-01
739;БКСУ17-01
741;БКСВУ17-01
742;БКТ17-01
743;БЛВ17-01
745;БЛЛ17-01
746;БЛС17-01
747;БЛСЗ17-01
748;БЛТ17-01
749;БЛТ17-02
750;БЛТВ17-01
751;БЛХ17-01
752;БЛХ17-02
753;БЛХЗ17-01
754;БМЕ17-01
755;БМЛ17-01
756;БМЛЗ17-01
757;БММ17-01
758;БММЗ17-01
759;БММЗ17-02
760;БММЗ17-03
761;БММЗ17-04
762;БМТ17-01
763;БМФЗ17-01
764;БМШ17-01
765;БМШ17-02
766;БМШ17-03
767;БНЛ17-01
768;БНСВ17-01
769;БНТ17-01
770;БПА17-01
771;БПАЗ17-01
772;БПВ17-01
773;БПИ17-01
774;БПМ17-01
775;БПТЗ17-01
776;БПХ17-01
777;БПЭ17-01
778;БПЭЗ17-01
779;БРВ17-01
780;БРД17-01
781;БРИ17-01
782;БРК17-01
783;БРКВ17-01
784;БРТ17-01
785;БСА17-01
786;БСИ17-01
787;БСК17-01
788;БСМ17-01
789;БСП17-01
790;БСПЗ17-01
791;БСПЗУ17-01
792;БСР17-01
793;БСР17-02
794;БСРЗ17-01
795;БСТВ17-01
796;БТИ17-01
797;БТИВ17-01
798;БТЛ17-01
801;БТМ17-01
802;БТМ17-02
803;БТН17-01
804;БТНЗ17-01
805;БТП17-01
806;БТС17-01
807;БТХ17-01
808;БТХЗ17-01
809;БУА17-01
810;БУАВ17-01
811;БУАЗ17-01
812;БУИ17-01
813;БФИ17-01
814;БХВ17-01
815;БХЛ17-01
816;БХМ17-01
817;БХМЗ17-01
818;БХПВ17-01
819;БХС17-01
820;БЭА17-01
821;БЭАЗ17-01
822;БЭАЗУ17-02
823;БЭКЗ17-01
824;БЭКЗ17-02
825;БЭП17-01
826;БЭПВ17-01
827;БЭПЗ17-01
828;БЭФ17-01
829;БЭФЗ17-01
830;Д17-01
831;Д17-02
846;МАП17-01
847;МАПЗ17-01
848;МАЭ17-01
849;МАЭЗ17-01
850;МБАВ17-01
851;МБИ17-01
852;МГМ17-01
853;МДП17-01
854;МДТ17-01
855;МИБ17-01
856;МИВ17-01
857;МИГ17-01
858;МИД17-01
859;МИЗ17-01
860;МИИ17-01
861;МИК17-01
862;МИМ17-01
863;МИП17-01
864;МИТ17-01
865;МИУ17-01
866;МИФ17-01
867;МКА17-01
868;МКАВ17-01
869;МКАЗ17-01
870;МКБ17-01
871;МКМ17-01
872;МКП17-01
873;МКС17-01
874;МКТ17-01
875;МЛЛ17-01
876;МЛП17-01
877;МЛР17-01
878;МЛРЗ17-01
879;ММА17-01
880;ММБ17-01
881;ММИВ17-01
882;ММЛ17-01
883;ММЛЗ17-01
884;ММП17-01
885;ММР17-01
886;ММС17-01
887;ММСЗ17-01
888;ММТВ17-01
889;ММУ17-01
890;МНК17-01
891;МНП17-01
892;МНР17-01
893;МПА17-01
894;МПГ17-01
895;МПД17-01
896;МПЕ17-01
897;МПИ17-01
898;МПСВ17-01
899;МПТ17-01
900;МПУ17-01
902;МРД17-01
903;МРК17-01
904;МРЛ17-01
905;МРП17-01
906;МРТ17-01
907;МСБ17-01
908;МСВ17-01
909;МСД17-01
910;МСК17-01
911;МСЛ17-01
912;МСМ17-01
913;МСН17-01
914;МСО17-01
915;МСС17-01
916;МСУ17-01
920;МТЛ17-01
921;МТТ17-01
922;МТТВ17-01
923;МУР17-01
924;МУФ17-01
925;МУФЗ17-01
926;МФН17-01
927;МФП17-01
928;МФТ17-01
929;МХД17-01
930;МХЗВ17-01
931;МХК17-01
932;МХС17-01
933;МХТ17-01
934;МЭАЗ17-01
935;МЭБ17-01
936;МЭИ17-01
937;МЭИЗ17-01
938;МЭНЗ17-01
939;МЭР17-01
940;МЭТ17-01
941;МЭУ17-01
942;МЭФЗ17-01
945;РС17-01
946;РС17-02
952;ТБ17-01
953;ТД17-01
954;ТДЗ17-01
959;Х17-01
960;ХП17-01
1821;0904-211
1822;10092-21
1823;10152-22
1824;10152-28
1825;10181-24
1826;10182-21
1827;10201-21
1828;10232-21
1829;10352-21
1830;10352-22
1831;10371-24
1832;10371-24м
1834;10381-22
1835;10382-25
1836;10383-21
1837;10452-21
1838;10462-21
1839;12-01
1840;12-1
1841;12-1м
1842;12-2
1843;12-2м
1844;12-3
1845;12-3м
1846;1502-211пу
1847;1502-212пу
1848;1502-21п
1849;1502-23
1850;1502-24
1851;1504-211у
1852;1504-212у
1854;1801-212
1855;1801-22
1856;1801-23
1857;1802-21
1858;22-01
1859;22-06
1860;22-1
1862;22-5
1863;22-6
1864;22-6м
1866;22-7
1867;22-7м
1868;22-8
1869;22-9
1870;2702-21м
1871;2702-21п
1872;32-01
1873;32-1
1874;32-1м
1875;32-2
1876;32-2м
1877;32-3
1878;32-4
1879;32-5
1880;32-6
1881;32-6м
1882;3501-21
1884;3501-211у
1885;3501-212у
1886;3502-21п
1887;3502-22пу
1888;3510-21
1889;3510-21м
1890;3701-21
1891;3801-21
1892;3801-211у
1893;3801-212у
1894;3801-22
1895;3801-22у
1896;3802-21п
1897;3802-23п
1898;3803-211п
1899;3803-212п
1900;3803-21пу
1901;3902-21
1902;42-01
1903;42-1
1904;42-1м
1905;42-2
1906;42-7
1907;42-8
1908;42-9
1909;4602-21у
1910;52-1
1911;52-10
1912;52-11
1913;52-1м
1914;52-2м
1916;52-3м
1917;52-4
1918;52-4м
1919;52-7
1920;52-7м
1921;52-8
1922;52-9
1923;62-1
1924;62-2
1925;62-3
1926;62-4
1927;62-5
1928;62-7
1929;62-7м
1930;72-1
1931;72-2
1932;72-3
1933;72-4
1934;72-5
1935;72-6
1936;72-7
1937;72-8
1938;72-9
1939;72-9м
1940;82-1
1941;82-10
1942;82-11
1943;82-12
1944;82-15
1945;82-16
1946;82-17
1947;82-17м
1948;82-18
1949;82-18м
1950;82-2
1951;82-2м
1952;82-3
1953;82-3м
1954;82-4
1955;82-6
1956;82-6м
1957;82-7
1958;82-8
1959;82-9
1960;92-01
1961;92-02
1962;92-1
1963;92-1м
1964;92-2
1965;92-3
1966;А16-01
1967;А16-02
1968;БА16-01
1969;БАП16-01
1970;БАПЗ16-01
1971;БАЭ16-01
1972;БАЭЗ16-01
1973;БГ16-01
1974;БД16-01
1975;БИ16-01
1976;БИ16-02
1977;БИ16-03
1978;БИС16-01
1979;БИСВ16-01
1980;БИСВУ16-01
1981;БИСЗ16-01
1985;БКБ16-01
1986;БМЕ16-01
1987;БМЛ16-01
1989;БММ16-01
1990;БММЗ16-01
1991;БММЗУ16-01
1992;БММЗУ16-02
1993;БМР16-01
1994;БМШ16-01
1995;БМШ16-02
1996;БП16-01
1997;БПИ16-01
1999;БПМ16-01
2000;БПЭ16-01
2001;БПЭЗУ16-01
2002;БР16-01
2003;БР16-02
2004;БРВ16-01
2007;БС16-01
2008;БСМ16-01
2009;БСМЗ16-01
2010;БТ16-01
2011;БТ16-02
2014;БТВУ16-01
2015;БТК16-01
2016;БТК16-02
2017;БТМ16-01
2018;БТС16-01
2019;БТСЗ16-01
2020;БТСЗУ16-01
2022;БТУ16-01
2023;БУИ16-01
2024;БФ16-01
2025;БХ16-01
2027;БЭ16-01
2028;БЭЗ16-01
2030;БЭЗУ16-01
2031;БЭУ16-01
2032;БЭУЗУ16-01
2033;БЭФ16-01
2035;БЭФЗУ16-01
2036;Д16-01
2037;Д16-02
2048;МА16-01
2049;МАД16-01
2050;МАК16-01
2051;МАП16-01
2052;МАПЗ16-01
2053;МАЭ16-01
2054;МАЭЗ16-01
2055;МВК16-01
2056;МВС16-01
2057;МГМ16-01
2058;МД16-01
2059;МЕ16-01
2060;МИД16-01
2061;МИЗ16-01
2062;МИИ16-01
2063;МИК16-01
2064;МИМ16-01
2065;МИП16-01
2066;МИТ16-01
2067;МИУ16-01
2068;МИФ16-01
2069;МИЭ16-01
2070;МКБ16-01
2071;ММБ16-01
2072;ММЗ16-01
2074;ММЛ16-01
2075;ММЛЗ16-01
2076;ММП16-01
2077;ММР16-01
2078;ММС16-01
2079;ММСЗ16-01
2081;МНП16-01
2082;МП16-01
2083;МП16-02
2084;МПГ16-01
2085;МПД16-01
2086;МПУ16-01
2087;МРК16-01
2088;МСД16-01
2089;МСИ16-01
2090;МСМ16-01
2091;МСН16-01
2092;МСО16-01
2093;МСС16-01
2094;МСУ16-01
2095;МТ16-01
2096;МТ16-02
2097;МТЕ16-01
2098;МТК16-01
2099;МТП16-01
2100;МТС16-01
2101;МУР16-01
2102;МУФ16-01
2103;МФИ16-01
2104;МФН16-01
2105;МФТ16-01
2106;МХ16-01
2107;МХК16-01
2108;МЭБ16-01
2109;МЭИ16-01
2110;МЭИЗ16-01
2111;МЭН16-01
2112;МЭР16-01
2114;МЭУ16-01
2115;МЭУЗ16-01
2116;МЭФ16-01
2117;МЭФЗ16-01
2120;ПР16-01
2121;ПР16-02
2126;ТБ16-01
2127;ТБ16-02
2128;ТД16-01
2129;ТДЗ16-01
2139;10152-33
2141;10371-34м
2142;10381-31
2143;10382-34
2144;БУАВ16-01
2145;БЛТВ16-01
2146;13-01
2147;БДД16-01
2148;БДЛ16-01
2149;БДВ16-01
2150;1502-31
2151;1502-311у
2152;1502-312у
2153;1502-32у
2154;БТХЗ16-01
2155;1504-31
2156;БАТЗУ16-01
2157;БАТЗУ16-02
2158;1801-311
2159;БХЦЗ16-01
2160;БХМЗ16-01
2161;БХПЗ16-01
2162;БРИЗ16-01
2163;23-01
2164;23-06
2165;БТТ16-01
2166;23-10
2167;БПЕ16-01
2168;БИМ16-01
2169;23-6п
2170;БПА16-01
2171;БИН16-01
2172;БПР16-01
2173;БКАЗ16-01
2174;33-01
2175;БЛВ16-01
2176;БЛЛ16-01
2177;БЛХ16-01
2178;БЛХ16-02
2179;БПВ16-01
2180;БЛС16-01
2181;3501-311
2182;БЛВЗУ16-01
2183;БЛВЗУ16-02
2184;3502-31
2185;3502-31у
2186;3502-32
2187;3502-32у
2188;БЛСЗ16-01
2189;БПТЗ16-01
2190;БЭАЗ16-01
2191;БЭАЗУ16-01
2192;БЭАЗУ16-02
2193;БЭПЗ16-01
2194;БЭПЗУ16-01
2196;БМФЗ16-01
2197;БУАЗ16-01
2198;БУАЗ16-02
2199;БУАЗУ16-01
2200;БСРЗ16-01
2201;43-01
2202;БДП16-01
2203;БДТ16-01
2204;БТД16-01
2205;БПБ16-01
2206;ББТ16-01
2207;4602-31
2208;4602-31у
2209;ББП16-01
2210;БТО16-01
2211;БТН16-01
2213;БРИ16-01
2214;БТП16-01
2215;БТХ16-01
2216;Х16-01
2217;БРО16-01
2218;ХП16-01
2219;БХМ16-01
2220;БХП16-01
2221;БХВ16-01
2222;БМФ16-01
2223;БМЮ16-01
2224;БСР16-01
2225;БЛТ16-02
2226;БПТ16-01
2227;БМП16-01
2228;БЭП16-01
2229;БЭП16-02
2230;БУА16-03
2232;БМП16-02
2233;БЭА16-01
2234;БЭА16-02
2235;83-5
2236;БУА16-01
2237;БКА16-01
2238;БДК16-01
2239;БУА16-02
2240;93-01
2241;93-02
2242;БТЛ16-01
2243;БТБ16-01
2244;БНТ16-01
2245;А15-01
2246;А15-02
2247;БА15-01
2248;БАП15-01
2249;БАПЗУ15-01
2250;БАЭ15-01
2251;БАЭЗУ15-01
2252;БГ15-01
2253;БД15-01
2254;БИ15-01
2255;БИС15-01
2256;БИУ15-01
2259;БКБ15-01
2260;БМЕ15-01
2261;БМЛ15-01
2262;БММ15-01
2263;БММЗ15-01
2264;БММЗУ15-01
2265;БММЗУ15-02
2266;БМШ15-01
2267;БМШ15-02
2268;БП15-01
2269;БПИ15-01
2270;БПИВУ15-01
2271;БПМ15-01
2272;БПЭ15-01
2273;БПЭЗУ15-01
2274;БР15-01
2275;БР15-02
2276;БРТ15-01
2277;БС15-01
2278;БСМ15-01
2279;БСМЗ15-01
2280;БТ15-01
2281;БТ15-02
2282;БТВ15-01
2283;БТВУ15-01
2284;БТК15-01
2285;БТК15-02
2286;БТМ15-01
2287;БТС15-01
2288;БТСЗУ15-01
2289;БТСЗУ15-02
2290;БТУ15-01
2291;БУИ15-01
2292;БФ15-01
2293;БХ15-01
2294;БХЭВУ15-01
2295;БЭ15-01
2296;БЭЗ15-01
2297;БЭЗУ15-01
2298;БЭЗУ15-02
2299;БЭУ15-01
2300;БЭУЗУ15-01
2301;БЭФ15-01
2302;БЭФЗУ15-01
2303;Д15-01
2304;Д15-02
2315;МА15-01
2316;МАД15-01
2317;МАК15-01
2319;МАПЗ15-01
2321;МВК15-01
2322;МВС15-01
2324;МД15-01
2325;МЕ15-01
2326;МИД15-01
2327;МИЗ15-01
2328;МИИ15-01
2329;МИК15-01
2330;МИМ15-01
2331;МИП15-01
2332;МИТ15-01
2333;МИУ15-01
2334;МИФ15-01
2335;МИЭ15-01
2336;МКБ15-01
2338;ММЛ15-01
2339;ММП15-01
2340;ММС15-01
2344;МП15-01
2345;МП15-02
2346;МПГ15-01
2347;МПД15-01
2348;МПУ15-01
2349;МРК15-01
2350;МСД15-01
2351;МСИ15-01
2352;МСМ15-01
2353;МСН15-01
2354;МСО15-01
2355;МСС15-01
2356;МСУ15-01
2357;МТ15-01
2358;МТ15-02
2359;МТЕ15-01
2360;МТК15-01
2361;МТП15-01
2363;МФИ15-01
2364;МФН15-01
2365;МФТ15-01
2366;МХ15-01
2367;МХК15-01
2368;МЭИ15-01
2370;МЭТ15-01
2371;МЭУ15-01
2373;МЭФ15-01
2377;ПР15-01
2382;ТБ15-01
2383;ТБ15-02
2384;ТД15-01
2385;ТДЗ15-01
2393;БЭАВ15-01
2394;10381-42
2395;14-1
2396;14-2
2397;14-3
2398;БТЛЗ15-01
2399;1502-411у
2400;1502-412у
2402;1502-42
2403;1502-431
2405;БАТЗ15-01
2406;1504-411у
2407;БХЦЗ15-01
2408;БХМЗ15-01
2409;БРИЗ15-01
2410;24-1
2411;БИПВ15-01
2412;24-5
2413;24-6
2414;24-7
2415;24-8
2416;24-9
2417;БКАЗ15-01
2418;34-1
2419;34-2
2420;34-3
2421;34-4
2422;34-5
2423;34-6
2424;БЛХЗ15-01
2425;3501-412
2426;3501-41у
2427;БДИЗ15-01
2428;3502-41у
2429;БДПЗ15-01
2430;3502-42у
2431;БЛСЗ15-01
2432;БПТЗ15-01
2433;БЭАЗ15-01
2434;3801-411у
2435;3801-412у
2436;3801-413у
2437;БЭПЗ15-01
2438;3801-42у
2439;3802-41п
2440;БМФЗ15-01
2441;БУАЗ15-01
2442;БУАЗ15-02
2443;3803-41пу
2444;БСРЗ15-01
2445;44-1
2446;44-7
2447;44-8
2448;44-9
2449;БМБЗ15-01
2450;54-1
2451;54-10
2452;54-11
2454;54-4
2455;54-7
2456;54-8
2457;Х15-01
2458;64-2
2459;ХП15-01
2460;64-4
2461;64-5
2462;64-7
2463;74-1
2464;74-10
2465;74-2
2466;74-4
2467;74-8
2468;74-9
2469;84-1
2470;84-10
2471;84-11
2472;84-12
2473;84-13
2474;84-14
2475;84-15
2476;84-2
2477;84-3
2478;84-4
2479;84-5
2480;84-6
2481;84-7
2482;84-8
2483;84-9
2484;94-1
2485;94-2
2487;А14-01
2488;А14-02
2489;БА14-01
2490;БАП14-01
2491;БАПЗУ14-01
2492;БАЭ14-01
2493;БАЭЗУ14-01
2494;БГ14-01
2495;БИ14-01
2496;БИ14-21
2497;БИВ14-21
2498;БИВУ14-01
2499;БИС14-01
2502;БКБ14-01
2503;БМЕ14-01
2504;БМЛ14-01
2505;БМЛЗ14-01
2506;БММ14-01
2507;БММЗ14-01
2508;БММЗУ14-01
2509;БМР14-01
2512;БМШ14-01
2513;БМШ14-02
2514;БП14-01
2515;БПИ14-01
2516;БПИВУ14-01
2517;БПМ14-01
2518;БПЭ14-01
2519;БПЭЗУ14-01
2520;БР14-01
2521;БР14-02
2522;БРЗ14-01
2523;БРТ14-01
2524;БС14-01
2525;БСМ14-01
2526;БСМЗ14-01
2527;БТ14-01
2528;БТ14-02
2529;БТВ14-21
2531;БТК14-01
2532;БТМ14-01
2533;БТС14-01
2534;БТСЗУ14-01
2535;БТУ14-01
2536;БУИ14-01
2537;БФ14-01
2538;БХ14-01
2539;БХЭВУ14-01
2540;БЭ14-01
2541;БЭЗ14-01
2542;БЭЗВ14-01
2543;БЭЗУ14-01
2545;БЭУ14-01
2546;БЭУЗВ14-01
2547;БЭУЗУ14-01
2549;БЭФ14-01
2550;БЭФ14-21
2551;БЭФЗ14-01
2552;БЭФЗ14-21
2555;БЭФЗУ14-01
2556;Д14-01
2557;Д14-02
2628;ПР14-01
2633;ТБ14-01
2634;ТБ14-02
2635;ТД14-01
2636;ТДЗ14-01
2643;0901-51
2644;1502-51
2645;1502-52
2646;1502-53
2647;1502-54
2648;1801-511
2649;1801-512
2650;1801-52
2651;1801-53
2652;1802-51
2653;25-10
2654;2701-51
2655;2702-51п
2656;3501-51
2657;3502-51
2658;3502-52
2659;3510-51
2660;3701-51
2661;3801-51
2662;3801-52
2663;3802-53п
2664;3803-511п
2665;3803-512п
2666;3902-51
2667;4404-51
2668;Х14-01
2669;ХП14-01
2670;А13-01
2671;А13-02
2672;АК13-01
2673;БА13-01
2674;БАП13-01
2676;БАЭ13-01
2678;БГ13-01
2679;БИ13-01
2681;БИС13-01
2682;БИСЗ13-21
2688;БКБ13-01
2689;БМЕ13-01
2690;БМЛ13-01
2691;БМЛ13-02
2692;БМЛЗ13-01
2693;БММЗ13-01
2695;БММЗУ13-01
2697;БМР13-01
2699;БМШ13-01
2700;БМШ13-02
2701;БП13-01
2702;БПИ13-01
2703;БПМ13-01
2704;БПЭ13-01
2705;БПЭЗУ13-01
2706;БР13-01
2707;БР13-02
2708;БРЗ13-01
2709;БРТ13-01
2710;БС13-01
2711;БСМ13-01
2712;БТ13-01
2713;БТ13-02
2714;БТЗ13-01
2715;БТЗ13-21
2716;БТЗ13-22
2718;БТК13-01
2720;БТМ13-01
2721;БТС13-01
2724;БУИ13-01
2725;БФ13-01
2726;БХ13-01
2727;БЭ13-01
2728;БЭЗ13-01
2730;БЭЗУ13-01
2732;БЭУ13-01
2733;БЭУЗУ13-01
2734;БЭФ13-01
2735;БЭФ13-02
2738;БЭФЗ13-01
2739;БЭФЗ13-21
2740;БЭФЗУ13-01
2742;Д13-01
2743;Д13-02
2806;ПР13-01
2807;ПР13-02
2808;ПР13-03
2812;ТБ13-01
2813;ТБ13-02
2814;ТД13-01
2815;ТДЗ13-01
2829;А12-01
2830;АК12-01
2833;БАП12-01
2835;БАЭ12-01
2851;БМЛЗ12-01
2853;БММЗ12-01
2867;БРЗ12-01
2888;БЭЗ12-01
2896;БЭФ12-01
2899;БЭФЗ12-01
2906;Д12-01
2968;ПР12-01
2972;ТБ12-01
2973;ТД12-01
2974;ТДЗ12-01
4836;БММЗУ17-01
4837;БММЗУ17-02
4838;БММЗУ17-03
4839;БПЭЗУ17-01
4840;БЭАЗУ17-01
4841;БЭКЗУ17-01
4842;БЭФЗУ17-01
4847;МНУ17-01
4848;МФП17-02
4849;52-3-1
4850;52-3-2
4856;БХЛ16-01
4857;БХЦ16-01
4858;93-3-1
4859;93-3-2
4868;54-3-1
4869;54-3-2
4870;94-3-1
4871;94-3-2
4881;БЭУЗ14-01
4883;БЭФМЗ14-01
4884;ПР14-03
4936;БАТЗ18-01
4938;БАТЗУ18-01
4939;БАТЗУ18-02
4940;ББЖ18-01
4944;БКАЗ18-01
4945;БЛВЗ18-01
4946;БЛСЗ18-01
4947;БЛХЗ18-01
4948;БМД18-01
4951;БМФЗ18-01
4952;БПАЗ18-01
4953;БПТ18-01
4955;БСРЗ18-01
4956;БТА18-01
4957;БТЛВ18-01
4958;БТЛЗ18-01
4959;БТНЗ18-01
4960;БТХЗ18-01
4962;БУКЗ18-01
4963;БХМЗ18-01
4964;БХЦ18-01
4965;БЭПЗ18-01
4969;МЛРЗ18-01
4972;ММЛ18-01
4978;БМЕ18-01
4979;ММС18-01
4980;ММР18-01
4983;МЭИ18-01
4986;МЭУ18-01
4987;МЭФ18-01
4988;МНП18-01
4989;МПУ18-01
4990;МУФ18-01
4991;БМЛ18-01
4992;БММ18-01
4993;БМР18-01
4994;БЭК18-01
4995;БЭА18-01
4996;БЭФ18-01
4997;БПЭ18-01
4998;БВТ18-01
4999;БУИ18-01
5000;МНР18-01
5001;БКТ18-01
5002;БКС18-01
5003;БСП18-01
5004;БСМ18-01
5005;БКСУ18-01
5006;МКС18-01
5007;МКМ18-01
5008;МСЛ18-01
5009;МСВ18-01
5010;МХС18-01
5011;МХК18-01
5012;МСМ18-01
5013;МСО18-01
5014;БФИ18-01
5015;БГД18-01
5016;МИГ18-01
5017;БРКВ18-01
5018;БРК18-01
5019;ММП18-01
5020;МПГ18-01
5021;БЭКЗУ18-01
5022;МПД18-01
5023;МРК18-01
5024;БЭФЗУ18-01
5025;БЭАЗУ18-01
5028;БММЗУ18-01
5029;БММЗУ18-02
5030;БПЭЗУ18-01
5032;ММЛЗ18-01
5033;ММСЗ18-01
5034;МУФЗ18-01
5035;МЭАЗ18-01
5036;МЭИЗ18-01
5037;МЭНЗ18-01
5038;МЭФЗ18-01
5039;БСПЗ18-01
5040;БИА18-01
5043;БИА18-02
5045;БИЭ18-01
5046;БИС18-01
5047;БПИ18-01
5048;БКБ18-01
5049;БСА18-01
5050;ТБ18-01
5051;БСК18-01
5052;БСИ18-01
5055;БПМ18-01
5056;БИСВ18-01
5057;МИК18-01
5058;МИП18-01
5059;МИУ18-01
5060;МИЗ18-01
5061;МИМ18-01
5062;МИД18-01
5063;МСС18-01
5064;МСК18-01
5065;МСД18-01
5066;МСБ18-01
5067;МСН18-01
5068;МСУ18-01
5069;МПИ18-01
5070;МКБ18-01
5071;МПЕ18-01
5072;А18-01
5073;А18-02
5074;БРТ18-01
5075;БРД18-01
5076;БНЛ18-01
5077;Д18-01
5079;Д18-02
5080;РС18-01
5081;РС18-02
5082;МГМ18-01
5083;ММБ18-01
5084;МПП18-01
5093;МЭП18-01
5095;МЭПЗ18-01
5096;БТН18-01
5098;БТП18-01
5100;БРИ18-01
5101;ББП18-01
5102;БПХ18-01
5103;МТТ18-01
5104;МХД18-01
5105;МБИ18-01
5106;БПХ16-01
5275;БИМ18-01
5276;БИМВ18-01
5277;МИВ18-01
5278;БИСЗ18-01
5279;БИН18-01
5281;БПА18-01
5282;БПА18-02
5283;МПА18-01
5285;БТИ18-01
5286;БТИВ18-01
5287;БТЛ18-01
5289;МТЛ18-01
5290;МТЛВ18-01
5291;БАТ18-01
5295;БХМ18-01
5296;БХВ18-01
5297;БХПВ18-01
5298;МХЗВ18-01
5299;МХТ18-01
5300;Х18-01
5301;МБАВ18-01
5302;ББТВ18-01
5303;БНТ18-01
5304;БНСВ18-01
5305;МРЛ18-01
5306;МРТ18-01
5308;МНК18-01
5309;МРД18-01
5312;БАЭ18-01
5313;БАЭЗ18-01
5314;МАЭ18-01
5315;БАПЗ18-01
5316;МАП18-01
5317;МАПЗ18-01
5318;МКА18-01
5319;МКАВ18-01
5320;БЛЛ18-01
5321;БЛВ18-01
5322;БЛХ18-01
5323;БЛХ18-02
5324;МЛП18-01
5325;МЛЛ18-01
5326;БДД18-01
5327;БДЛ18-01
5328;БДВ18-01
5329;БДТ18-01
5330;БДП18-01
5331;БДП18-02
5332;БДПВ18-01
5333;МДП18-01
5334;МДТ18-01
5335;БЛС18-01
5336;МЛР18-01
5339;МПСВ18-01
5341;БЭАЗ18-01
5343;БЭП18-01
5344;БЭПВ18-01
5346;МЭР18-01
5347;БММЗ18-01
5350;БМШ18-01
5352;БМТ18-01
5353;БМК18-01
5354;БМКВ18-01
5356;ММУ18-01
5358;ММИВ18-01
5359;БУК18-01
5360;БУКВ18-01
5361;БУКЗУ18-01
5362;МУР18-01
5364;ТД18-01
5365;ТДЗ18-01
5366;БСР18-01
5367;БЛТ18-01
5368;БЛТВ18-01
5387;БТЛЗУ17-01
5388;БТЛЗУ17-02
5389;БАТЗУ17-01
5390;БЛВЗУ17-01
5391;БДПЗУ17-01
5420;БСР16-02
5444;БРК18-02
5445;БЛТ16-01
5611;10381-51
5612;10381-52
5613;24-6п
5614;БТМ18-01
5615;44-2
5616;МСД18-02
5619;БУАВ15-01
5620;БЛПВ15-01
5621;БМЮВ15-01
5622;БТНВ15-01
5623;БРИВ16-01
5624;БХМВ16-01
5625;БТДВ16-01
5626;БНСВ16-01
5627;БДПВ16-01
5628;БДИВ16-01
5629;ББТВ16-01
5630;БИНВ16-01
5631;10371-34
5632;БЭПВ16-01
5633;БМБВ16-01
5634;БМПВ16-01
5635;БТЛВ16-01
5637;3501-412у
5638;3501-411у
5639;ТД18-02
5640;БЭП18-02
5641;БЭУ18-01
5651;БСПЗУ18-01
5652;БКСЗУ18-01
5661;БТЛЗУ18-01
5662;БТЛЗУ18-02
5663;БТХЗ18-02
5668;БТНЗУ18-01
5669;МИФЗ18-01
